Amino Acid Name,letter Code,pka2,pka3,PI,Solubility Molal,ww hydrophob scale,,,,,,,,,,,,,,,,,,,,,,,,,,,,,
Alanine,A,2.34,9.69,6,1.867,-0.17,,,,,,,,,,,,,,,,,,,,,,,,,,,,0,0
Arginine,R,2.17,9.04,10.76,1.125,-0.81,,,,,,,,,,,,,,,,,,,,,,,,,,,,0,0
Aspartic Acid,D,1.88,9.6,5.41,0.038,-1.23,,,,,,,,,,,,,,,,,,,,,,,,,,,,0,0
Asparagine,N,2.02,8.8,2.77,0.19,-0.42,,,,,,,,,,,,,,,,,,,,,,,,,,,,0,0
Cysteine,C,1.96,8.18,5.07,0.211,0.24,,,,,,,,,,,,,,,,,,,,,,,,,,,,0,0
Glutamic Acid,E,2.19,9.67,3.22,0.06,-2.02,,,,,,,,,,,,,,,,,,,,,,,,,,,,0,0
Glutamine,Q,2.17,9.13,5.65,0.291,-0.58,,,,,,,,,,,,,,,,,,,,,,,,,,,,0,0
Glycine,G,2.34,9.6,5.97,3.37,-0.01,,,,,,,,,,,,,,,,,,,,,,,,,,,,0,0
Histidine,H,1.82,9.17,7.59,0.281,-0.96,,,,,,,,,,,,,,,,,,,,,,,,,,,,0,0
Isoleucine,I,2.36,9.6,6.02,0.242,0.31,,,,,,,,,,,,,,,,,,,,,,,,,,,,0,0
Leucine,L,2.36,9.6,5.98,0.167,0.56,,,,,,,,,,,,,,,,,,,,,,,,,,,,0,0
Lysine,K,2.18,8.95,9.74,1.687,-0.99,,,,,,,,,,,,,,,,,,,,,,,,,,,,0,0
Methionine,M,2.28,9.21,5.74,0.375,0.23,,,,,,,,,,,,,,,,,,,,,,,,,,,,0,0
Phenylalanine,F,1.83,9.13,5.48,0.17,1.13,,,,,,,,,,,,,,,,,,,,,,,,,,,,0,0
Proline,P,1.99,10.6,6.3,11.298,-0.45,,,,,,,,,,,,,,,,,,,,,,,,,,,,0,0
Serine,S,2.21,9.15,5.68,3.48,-0.13,,,,,,,,,,,,,,,,,,,,,,,,,,,,0,0
Threonine,T,2.09,9.1,5.6,0.822,-0.14,,,,,,,,,,,,,,,,,,,,,,,,,,,,0,0
Tryptophan,W,2.83,9.39,5.89,0.065,1.85,,,,,,,,,,,,,,,,,,,,,,,,,,,,0,0
Tyrosine,Y,2.2,9.11,5.66,0.003,0.94,,,,,,,,,,,,,,,,,,,,,,,,,,,,0,0
Valine,V,2.32,9.62,5.96,0.501,-0.07,,,,,,,,,,,,,,,,,,,,,,,,,,,,0,0
